simulation_index,simulation_directory,time_to_onc,T_before_onc,T_after_onc,detection_node
1,onc_0001,2338,1107,895,heated
2,onc_0002,1980,1249,1008,heated
3,onc_0003,3252,1063,877.5,heated
4,onc_0004,2563,1158,938.5,heated
5,onc_0005,3189,913.5,750.5,heated
6,onc_0006,3080,949,790.5,heated
7,onc_0007,2041,1215,1067,heated
8,onc_0008,3800,928,815,heated
9,onc_0009,2534,1048,864.5,heated
10,onc_0010,3570,876,726,heated
11,onc_0011,1762,1413,1142,heated
12,onc_0012,1662,1428,1172,heated
13,onc_0013,2435,1200,995,heated
14,onc_0014,1594,1440,1237,heated
15,onc_0015,1700,1454,1161,heated
16,onc_0016,1857,1378,1098,heated
17,onc_0017,3561,877,738.5,heated
18,onc_0018,2309,1197,974,heated
19,onc_0019,2909,1051,1020,unheated
20,onc_0020,3531,963.5,802.5,heated
21,onc_0021,2546,1103,901,heated
22,onc_0022,3411,898,750.5,heated
23,onc_0023,1889,1305,1087,heated
24,onc_0024,2651,1034,846.5,heated
25,onc_0025,2099,1436,1160,heated
26,onc_0026,1897,1274,1188,unheated
27,onc_0027,3981,875.5,780.5,unheated
28,onc_0028,2996,1076,878,heated
29,onc_0029,2752,1039,896,heated
30,onc_0030,2054,1234,1014.5,heated
31,onc_0031,1634,1461,1159,heated
32,onc_0032,1692,1475,1175,heated
33,onc_0033,1675,1458,1172,heated
34,onc_0034,1696,1422,1147,heated
35,onc_0035,1854,1415,1126,heated
36,onc_0036,1647,1429,1201,heated
37,onc_0037,2634,1052,864,heated
38,onc_0038,2043,1354,1177,heated
39,onc_0039,2072,1327,1056,heated
40,onc_0040,3548,888.5,731.5,heated
41,onc_0041,2076,1216,989,heated
42,onc_0042,2323,1135,976.5,heated
43,onc_0043,2024,1408,1132,heated
44,onc_0044,2840,1122,917,heated
45,onc_0045,1917,1285,1140,heated
46,onc_0046,2396,1116,910,heated
47,onc_0047,2969,995,935.5,unheated
48,onc_0048,1792,1401,1385,unheated
49,onc_0049,1922,1333,1068,heated
50,onc_0050,2818,1105,899,heated
51,onc_0051,3157,937,769,heated
52,onc_0052,1638,1439,1339,heated
53,onc_0053,2663,1056,893.5,heated
54,onc_0054,3437,908.5,760.5,heated
55,onc_0055,2279,1259,1159,heated
56,onc_0056,3284,925.5,758.5,heated
57,onc_0057,2695,1108,1031,unheated
58,onc_0058,3210,879.5,743.5,heated
59,onc_0059,1696,1475,1229,heated
60,onc_0060,3512,899.5,741.5,heated
61,onc_0061,2033,1266,1027,heated
62,onc_0062,1832,1467,1166,heated
63,onc_0063,2024,1238,1160,unheated
64,onc_0064,2144,1301,1155,heated
65,onc_0065,1689,1456,1159,heated
66,onc_0066,2344,1244,1038,heated
67,onc_0067,3522,908,748.5,heated
68,onc_0068,1919,1404,1207,heated
69,onc_0069,2226,1259,1055,heated
70,onc_0070,2173,1218,995,heated
71,onc_0071,1936,1313,1142,heated
72,onc_0072,1772,1438,1205,heated
73,onc_0073,3022,964.5,789,heated
74,onc_0074,2248,1269,1093,heated
75,onc_0075,3551,986.5,835,heated
76,onc_0076,3244,978.5,839,heated
77,onc_0077,2148,1188,966.5,heated
78,onc_0078,3685,911,784,heated
79,onc_0079,2195,1260,1053,heated
80,onc_0080,2160,1193,978,heated
81,onc_0081,4558,885,757,heated
82,onc_0082,1811,1366,1120,heated
83,onc_0083,2522,1050,884,heated
84,onc_0084,4033,936.5,836,heated
85,onc_0085,3535,923,769,heated
86,onc_0086,1798,1384,1185,heated
87,onc_0087,2031,1354,1189,heated
88,onc_0088,2569,1053,865.5,heated
89,onc_0089,3273,912.5,748.5,heated
90,onc_0090,2437,1168,971,heated
91,onc_0091,1819,1460,1287,heated
92,onc_0092,3107,999,886.5,heated
93,onc_0093,2790,1118,907,heated
94,onc_0094,2639,1018,829.5,heated
95,onc_0095,2206,1265,1064,heated
96,onc_0096,3001,967.5,824.5,heated
97,onc_0097,2547,1087,880,heated
98,onc_0098,2536,1016,834.5,heated
99,onc_0099,2815,986.5,805.5,heated
100,onc_0100,2585,1189,968.5,heated
101,onc_0101,2138,1315,1174,heated
102,onc_0102,2321,1155,1053,heated
103,onc_0103,1978,1243,1034,heated
104,onc_0104,2166,1209,968.5,heated
105,onc_0105,3503,961,849,heated
106,onc_0106,3576,880.5,734,heated
107,onc_0107,2152,1187,968,heated
108,onc_0108,4096,895.5,751,heated
109,onc_0109,2198,1123,922,heated
110,onc_0110,1873,1276,1059,heated
111,onc_0111,2719,1017.5,837.5,heated
112,onc_0112,3554,935,809.5,heated
113,onc_0113,2552,1056,858,heated
114,onc_0114,2444,1136,915,heated
115,onc_0115,1897,1263,1049,heated
116,onc_0116,1835,1416,1161,heated
117,onc_0117,1936,1269,1087,heated
118,onc_0118,3339,884,729.5,heated
119,onc_0119,3099,1002,996.5,unheated
120,onc_0120,2871,982.5,802.5,heated
121,onc_0121,3260,924.5,770,heated
122,onc_0122,2354,1227,1011,heated
123,onc_0123,2170,1245,1195,unheated
124,onc_0124,1857,1328,1090,heated
125,onc_0125,3342,1043,857.5,heated
126,onc_0126,3863,988.5,818.5,heated
127,onc_0127,2618,1029,853,heated
128,onc_0128,2939,985.5,815,heated
129,onc_0129,1569,1463,1201,heated
130,onc_0130,3056,1016.5,922,unheated
131,onc_0131,2232,1210,974.5,heated
132,onc_0132,1843,1417,1403,unheated
133,onc_0133,1750,1353,1123,heated
134,onc_0134,3147,1136,924,heated
135,onc_0135,3434,899,887.5,unheated
136,onc_0136,1971,1365,1269,unheated
137,onc_0137,1492,1493,1291,heated
138,onc_0138,2873,1010.5,889,heated
139,onc_0139,1709,1495,1323,heated
140,onc_0140,2802,1012.5,837.5,heated
141,onc_0141,1821,1429,1134,heated
142,onc_0142,2907,1106,949,heated
143,onc_0143,1677,1405,1151,heated
144,onc_0144,2657,1040,846.5,heated
145,onc_0145,2096,1309,1057,heated
146,onc_0146,1949,1389,1258,heated
147,onc_0147,3946,876.5,754.5,heated
148,onc_0148,1734,1361,1249,heated
149,onc_0149,3022,937,768.5,heated
150,onc_0150,2428,1089,891,heated
151,onc_0151,1982,1347,1329,unheated
152,onc_0152,2765,1044,846.5,heated
153,onc_0153,3269,924,766.5,heated
154,onc_0154,2337,1135,925.5,heated
155,onc_0155,3334,1006,981.5,unheated
156,onc_0156,1821,1416,1133,heated
157,onc_0157,1783,1449,1171,heated
158,onc_0158,2868,998,829,heated
159,onc_0159,3556,880,824.5,unheated
160,onc_0160,1770,1361,1323,unheated
161,onc_0161,1961,1259,1021.5,heated
162,onc_0162,3463,893.5,833.5,unheated
163,onc_0163,3128,977.5,895,unheated
164,onc_0164,2266,1316,1052,heated
165,onc_0165,2158,1215,977,heated
166,onc_0166,3053,1027,913.5,heated
167,onc_0167,1908,1285,1055,heated
168,onc_0168,2767,997.5,822,heated
169,onc_0169,1740,1337,1107,heated
170,onc_0170,2292,1147,933.5,heated
171,onc_0171,1810,1443,1257,heated
172,onc_0172,3339,985,853,heated
173,onc_0173,2286,1151,947,heated
174,onc_0174,1847,1284,1082,heated
175,onc_0175,4351,979,812.5,heated
176,onc_0176,3402,977,866,heated
177,onc_0177,2084,1239,993,heated
178,onc_0178,4021,897,814,unheated
179,onc_0179,1709,1490,1180,heated
180,onc_0180,2521,1179,957,heated
181,onc_0181,1719,1479,1374,heated
182,onc_0182,1665,1464,1177,heated
183,onc_0183,2137,1304,1053,heated
184,onc_0184,1504,1498,1448,unheated
185,onc_0185,1628,1422,1180,heated
186,onc_0186,1659,1384,1261,heated
187,onc_0187,2268,1116,926,heated
188,onc_0188,2015,1260,1039,heated
189,onc_0189,2891,1111,927.5,heated
190,onc_0190,1726,1470,1460,unheated
191,onc_0191,3480,910.5,748.5,heated
192,onc_0192,1798,1375,1121,heated
193,onc_0193,3406,986,813,heated
194,onc_0194,1587,1475,1210,heated
195,onc_0195,1859,1385,1104,heated
196,onc_0196,2459,1094,944.5,heated
197,onc_0197,2021,1263,1043,heated
198,onc_0198,3346,887.5,740,heated
199,onc_0199,1718,1491,1346,heated
200,onc_0200,3235,953,873,unheated
201,onc_0201,2846,992.5,843.5,heated
202,onc_0202,2583,1019,842,heated
203,onc_0203,1557,1495,1203,heated
204,onc_0204,2837,982.5,810,heated
205,onc_0205,1984,1289,1035,heated
206,onc_0206,2115,1211,972.5,heated
207,onc_0207,1828,1362,1102,heated
208,onc_0208,2004,1219,1033,heated
209,onc_0209,1660,1493,1189,heated
210,onc_0210,1751,1416,1132,heated
211,onc_0211,2397,1089,881,heated
212,onc_0212,2429,1252,1013,heated
213,onc_0213,3865,888.5,801,unheated
214,onc_0214,2369,1148,1051,unheated
215,onc_0215,1780,1361,1120,heated
216,onc_0216,3208,961.5,872,unheated
217,onc_0217,2232,1382,1119,heated
218,onc_0218,2183,1154,1010,heated
219,onc_0219,2195,1133,936,heated
220,onc_0220,3696,880,765,heated
221,onc_0221,2365,1157,932,heated
222,onc_0222,2881,1108,926,heated
223,onc_0223,1901,1303,1077,heated
224,onc_0224,2265,1285,1027,heated
225,onc_0225,2175,1193,967,heated
226,onc_0226,1805,1471,1179,heated
227,onc_0227,3413,981.5,902.5,unheated
228,onc_0228,2652,1058,860,heated
229,onc_0229,1968,1276,1044,heated
230,onc_0230,2099,1237,1001.5,heated
231,onc_0231,2417,1106,919.5,heated
232,onc_0232,2131,1427,1152,heated
233,onc_0233,2056,1345,1108,heated
234,onc_0234,1654,1489,1181,heated
235,onc_0235,2239,1189,956.5,heated
236,onc_0236,2022,1304,1042,heated
237,onc_0237,2046,1327,1055,heated
238,onc_0238,1890,1258,1104,heated
239,onc_0239,1739,1339,1169,heated
240,onc_0240,1645,1496,1249,heated
241,onc_0241,1979,1308,1307,unheated
242,onc_0242,1990,1275,1209,unheated
243,onc_0243,3147,1042,849.5,heated
244,onc_0244,1944,1366,1117,heated
245,onc_0245,2035,1247,1005.5,heated
246,onc_0246,3102,946.5,796,heated
247,onc_0247,2888,1082,1062,unheated
248,onc_0248,2744,1035,863.5,heated
249,onc_0249,3162,956,890.5,unheated
250,onc_0250,1983,1254,1130,heated
251,onc_0251,3098,1036,893.5,heated
252,onc_0252,3345,913.5,764,heated
253,onc_0253,2568,1090,883.5,heated
254,onc_0254,2553,1135,973,heated
255,onc_0255,2322,1163,936.5,heated
256,onc_0256,1877,1405,1143,heated
257,onc_0257,2058,1213,1132,unheated
258,onc_0258,2622,1162,967,heated
259,onc_0259,3182,905,748.5,heated
260,onc_0260,2771,1001,817.5,heated
261,onc_0261,3400,889.5,839,unheated
262,onc_0262,1725,1387,1156,heated
263,onc_0263,2037,1234,1002,heated
264,onc_0264,1954,1369,1155,heated
265,onc_0265,2863,988,807.5,heated
266,onc_0266,1910,1375,1126,heated
267,onc_0267,1843,1424,1177,heated
268,onc_0268,4545,922.5,762.5,heated
269,onc_0269,2293,1168,941,heated
270,onc_0270,2136,1318,1055,heated
271,onc_0271,1953,1280,1038,heated
272,onc_0272,2010,1296,1092,heated
273,onc_0273,2639,1047,858,heated
274,onc_0274,2066,1281,1022.5,heated
275,onc_0275,1913,1292,1054,heated
276,onc_0276,1697,1484,1362,heated
277,onc_0277,2546,1056,857.5,heated
278,onc_0278,1623,1392,1185,heated
279,onc_0279,3584,880.5,739.5,heated
280,onc_0280,1698,1437,1146,heated
281,onc_0281,1827,1370,1339,unheated
282,onc_0282,1958,1247,1137,heated
283,onc_0283,2087,1196,992.5,heated
284,onc_0284,2005,1253,1016.5,heated
285,onc_0285,2283,1178,957.5,heated
286,onc_0286,2668,1032,869.5,heated
287,onc_0287,2217,1174,1027,heated
288,onc_0288,3031,1010,979.5,unheated
289,onc_0289,1763,1456,1208,heated
290,onc_0290,2240,1182,963,heated
291,onc_0291,1648,1440,1157,heated
292,onc_0292,2024,1271,1220,unheated
293,onc_0293,2084,1158,970,heated
294,onc_0294,1700,1462,1177,heated
295,onc_0295,2029,1256,1006.5,heated
296,onc_0296,3930,880,743,heated
297,onc_0297,2525,1087,887.5,heated
298,onc_0298,2736,1064,864,heated
299,onc_0299,2576,1072,880.5,heated
300,onc_0300,2717,1142,1023.5,heated
301,onc_0301,2799,1086,1020,unheated
302,onc_0302,1862,1491,1227,heated
303,onc_0303,2701,1113,1079,unheated
304,onc_0304,2548,1054,856,heated
305,onc_0305,1704,1488,1265,heated
306,onc_0306,2096,1219,998,heated
307,onc_0307,3540,908.5,773,heated
308,onc_0308,2608,1151,938,heated
309,onc_0309,1869,1261,1101,heated
310,onc_0310,1742,1442,1157,heated
311,onc_0311,2562,1045,851,heated
312,onc_0312,1953,1241,1037,heated
313,onc_0313,2200,1234,990,heated
314,onc_0314,3443,998,911,unheated
315,onc_0315,2203,1153,949,heated
316,onc_0316,2033,1306,1177,heated
317,onc_0317,3745,878,723,heated
318,onc_0318,1796,1336,1199,heated
319,onc_0319,3313,928,775,heated
320,onc_0320,1789,1378,1096,heated
321,onc_0321,1834,1370,1109,heated
322,onc_0322,1836,1375,1094,heated
323,onc_0323,1809,1485,1202,heated
324,onc_0324,2034,1239,1006.5,heated
325,onc_0325,2429,1218,999.5,heated
326,onc_0326,2024,1267,1212,unheated
327,onc_0327,1849,1315,1250,unheated
328,onc_0328,2469,1098,939.5,heated
329,onc_0329,2607,1109,896,heated
330,onc_0330,3925,875.5,778.5,unheated
331,onc_0331,2799,1059,969.5,unheated
332,onc_0332,2778,1143,946.5,heated
333,onc_0333,1796,1387,1107,heated
334,onc_0334,2343,1253,1063,heated
335,onc_0335,1754,1319,1153,heated
336,onc_0336,2598,1040,848,heated
337,onc_0337,2146,1181,983.5,heated
338,onc_0338,1849,1297,1096,heated
339,onc_0339,1897,1354,1084,heated
340,onc_0340,2658,1091,915,heated
341,onc_0341,1736,1435,1148,heated
342,onc_0342,3215,1027,852,heated
343,onc_0343,1576,1493,1216,heated
344,onc_0344,2131,1262,1015,heated
345,onc_0345,2598,1035,874.5,heated
346,onc_0346,3370,965,961.5,unheated
347,onc_0347,2141,1186,961.5,heated
348,onc_0348,3404,900,800,heated
349,onc_0349,1783,1407,1212,heated
350,onc_0350,2296,1229,1052,heated
351,onc_0351,2353,1368,1090,heated
352,onc_0352,2182,1171,952,heated
353,onc_0353,2390,1185,1179,unheated
354,onc_0354,2490,1074,873.5,heated
355,onc_0355,3543,947,811.5,heated
356,onc_0356,2760,1118,910,heated
357,onc_0357,2348,1226,1027,heated
358,onc_0358,3489,1011,978,unheated
359,onc_0359,2679,1146,937.5,heated
360,onc_0360,1644,1431,1184,heated
361,onc_0361,2782,1080,877.5,heated
362,onc_0362,2208,1380,1102,heated
363,onc_0363,2446,1210,1030,heated
364,onc_0364,2294,1200,1147,unheated
365,onc_0365,1955,1329,1057,heated
366,onc_0366,2431,1076,880,heated
367,onc_0367,2004,1345,1118,heated
368,onc_0368,1807,1361,1106,heated
369,onc_0369,2067,1348,1241,heated
370,onc_0370,2109,1320,1087,heated
371,onc_0371,3301,995,841.5,heated
372,onc_0372,1597,1465,1200,heated
373,onc_0373,1908,1398,1393,unheated
374,onc_0374,2198,1215,971,heated
375,onc_0375,2359,1219,1014.5,heated
376,onc_0376,1988,1294,1038,heated
377,onc_0377,2002,1294,1243,unheated
378,onc_0378,1774,1331,1105,heated
379,onc_0379,3838,908,769,heated
380,onc_0380,1831,1342,1237,heated
381,onc_0381,2922,985,803,heated
382,onc_0382,2971,1122,960.5,heated
383,onc_0383,2093,1250,1172,unheated
384,onc_0384,1865,1278,1092,heated
385,onc_0385,2536,1069,915,heated
386,onc_0386,1903,1333,1064,heated
387,onc_0387,1980,1237,1061,heated
388,onc_0388,1658,1484,1370,heated
389,onc_0389,2606,1035,863,heated
390,onc_0390,1827,1319,1224,unheated
391,onc_0391,3055,1042,898,heated
392,onc_0392,1658,1468,1170,heated
393,onc_0393,1897,1337,1075,heated
394,onc_0394,2979,1041,876,heated
395,onc_0395,1785,1314,1088,heated
396,onc_0396,2634,1150,1135,unheated
397,onc_0397,1995,1351,1120,heated
398,onc_0398,2314,1288,1030,heated
399,onc_0399,2061,1195,979.5,heated
400,onc_0400,1583,1469,1237,heated
401,onc_0401,2045,1219,1001.5,heated
402,onc_0402,2204,1148,936.5,heated
403,onc_0403,3227,976,975.5,unheated
404,onc_0404,2790,976.5,798.5,heated
405,onc_0405,2954,1026,975,unheated
406,onc_0406,2238,1133,941.5,heated
407,onc_0407,1853,1417,1145,heated
408,onc_0408,1802,1306,1138,heated
409,onc_0409,2006,1369,1295,unheated
410,onc_0410,1825,1325,1083,heated
411,onc_0411,2249,1155,1015.5,heated
412,onc_0412,1691,1437,1255,heated
413,onc_0413,1953,1278,1202,unheated
414,onc_0414,3562,1010.5,853.5,heated
415,onc_0415,1944,1316,1313,unheated
416,onc_0416,2351,1216,1150,unheated
417,onc_0417,3094,960.5,794.5,heated
418,onc_0418,1799,1441,1161,heated
419,onc_0419,2296,1169,951,heated
420,onc_0420,1620,1441,1178,heated
421,onc_0421,1959,1371,1170,heated
422,onc_0422,2829,992,817,heated
423,onc_0423,2006,1349,1184,heated
424,onc_0424,3470,893.5,737.5,heated
425,onc_0425,1813,1428,1203,heated
426,onc_0426,3919,914.5,843,unheated
427,onc_0427,2963,1024,989.5,unheated
428,onc_0428,2554,1068,873.5,heated
429,onc_0429,1886,1396,1130,heated
430,onc_0430,1789,1346,1112,heated
431,onc_0431,3063,1087,895,heated
432,onc_0432,2329,1244,1191,unheated
433,onc_0433,2208,1186,961,heated
434,onc_0434,2970,985,811.5,heated
435,onc_0435,1969,1254,1013,heated
436,onc_0436,3020,969,801.5,heated
437,onc_0437,3761,892.5,752.5,heated
438,onc_0438,1791,1413,1125,heated
439,onc_0439,1716,1434,1160,heated
440,onc_0440,1656,1483,1183,heated
441,onc_0441,2705,1016,845,heated
442,onc_0442,1580,1478,1219,heated
443,onc_0443,3057,1033,871.5,heated
444,onc_0444,1801,1414,1262,heated
445,onc_0445,2337,1236,1015.5,heated
446,onc_0446,2428,1064,867,heated
447,onc_0447,1924,1359,1085,heated
448,onc_0448,3011,995,826.5,heated
449,onc_0449,2191,1127,952,heated
450,onc_0450,2093,1228,1001.5,heated
451,onc_0451,3189,961,795.5,heated
452,onc_0452,1723,1453,1152,heated
453,onc_0453,2355,1221,985.5,heated
454,onc_0454,2940,1029,883.5,heated
455,onc_0455,2126,1159,974,heated
456,onc_0456,2758,1021.5,832,heated
457,onc_0457,1948,1246,998.5,heated
458,onc_0458,2990,1086,896,heated
459,onc_0459,2012,1218,1008.5,heated
460,onc_0460,1837,1326,1213,heated
461,onc_0461,2028,1342,1217,heated
462,onc_0462,3528,914,901.5,unheated
463,onc_0463,1723,1474,1187,heated
464,onc_0464,1803,1465,1165,heated
465,onc_0465,1896,1315,1066,heated
466,onc_0466,2605,1088,880.5,heated
467,onc_0467,2846,974.5,804.5,heated
468,onc_0468,2011,1287,1035,heated
469,onc_0469,4048,877,768,heated
470,onc_0470,2417,1069,875.5,heated
471,onc_0471,3055,947.5,782,heated
472,onc_0472,3162,975.5,886.5,unheated
473,onc_0473,1786,1386,1127,heated
474,onc_0474,1974,1374,1264,heated
475,onc_0475,2054,1245,1007.5,heated
476,onc_0476,2411,1058,858.5,heated
477,onc_0477,3424,904,862,unheated
478,onc_0478,2666,1097,888,heated
479,onc_0479,3039,1003.5,932,unheated
480,onc_0480,1941,1388,1155,heated
481,onc_0481,2410,1205,1177,unheated
482,onc_0482,1819,1320,1248,unheated
483,onc_0483,2345,1095,900,heated
484,onc_0484,3599,939,795.5,heated
485,onc_0485,3299,971,796,heated
486,onc_0486,2191,1187,964,heated
487,onc_0487,1957,1267,1053,heated
488,onc_0488,2970,964.5,791,heated
489,onc_0489,1960,1401,1149,heated
490,onc_0490,3780,876.5,722.5,heated
491,onc_0491,1682,1465,1216,heated
492,onc_0492,1861,1303,1185,heated
493,onc_0493,2334,1134,1007,heated
494,onc_0494,3392,935.5,925,unheated
495,onc_0495,1743,1482,1339,heated
496,onc_0496,2113,1232,1026,heated
497,onc_0497,2050,1241,1033,heated
498,onc_0498,3033,1107,909.5,heated
499,onc_0499,1783,1384,1101,heated
500,onc_0500,1960,1343,1291,unheated
501,onc_0501,2571,1231,994.5,heated
502,onc_0502,2114,1298,1240,unheated
503,onc_0503,1726,1427,1135,heated
504,onc_0504,1972,1294,1037,heated
505,onc_0505,3257,923.5,756.5,heated
506,onc_0506,1750,1414,1201,heated
507,onc_0507,1906,1405,1227,heated
508,onc_0508,1753,1385,1346,unheated
509,onc_0509,1619,1414,1304,heated
510,onc_0510,2066,1244,1012.5,heated
511,onc_0511,1831,1306,1127,heated
512,onc_0512,1740,1404,1360,unheated
513,onc_0513,4682,881,820,unheated
514,onc_0514,2576,1058,865,heated
515,onc_0515,3387,916,847.5,unheated
516,onc_0516,2530,1056,872,heated
517,onc_0517,2890,1058,1058,unheated
518,onc_0518,1791,1329,1120,heated
519,onc_0519,2090,1447,1167,heated
520,onc_0520,2018,1318,1104,heated
521,onc_0521,2212,1195,1112,unheated
522,onc_0522,2685,1070,985.5,unheated
523,onc_0523,2025,1237,994,heated
524,onc_0524,3354,956,792.5,heated
525,onc_0525,2216,1186,964,heated
526,onc_0526,1625,1404,1229,heated
527,onc_0527,3887,926.5,880,unheated
528,onc_0528,4006,898.5,752,heated
529,onc_0529,2040,1238,1002.5,heated
530,onc_0530,2514,1097,888.5,heated
531,onc_0531,1844,1295,1077,heated
532,onc_0532,2324,1238,993.5,heated
533,onc_0533,1674,1497,1232,heated
534,onc_0534,2130,1285,1063,heated
535,onc_0535,2964,967.5,806.5,heated
536,onc_0536,2932,974.5,802,heated
537,onc_0537,2529,1089,882,heated
538,onc_0538,3139,962.5,859.5,heated
539,onc_0539,1658,1391,1304,unheated
540,onc_0540,3052,950.5,780,heated
541,onc_0541,2377,1236,988.5,heated
542,onc_0542,3183,926.5,763.5,heated
543,onc_0543,2114,1248,998.5,heated
544,onc_0544,1916,1241,1040,heated
545,onc_0545,2281,1132,913.5,heated
546,onc_0546,3266,910,759,heated
547,onc_0547,3453,975,858.5,heated
548,onc_0548,2484,1112,898.5,heated
549,onc_0549,1677,1422,1157,heated
550,onc_0550,2122,1277,1232,unheated
551,onc_0551,3978,950,790,heated
552,onc_0552,2265,1112,913,heated
553,onc_0553,2749,1133,1115,unheated
554,onc_0554,3294,1070,896,heated
555,onc_0555,2247,1170,939,heated
556,onc_0556,1762,1420,1133,heated
557,onc_0557,2535,1082,879.5,heated
558,onc_0558,2129,1306,1173,heated
559,onc_0559,1887,1295,1077,heated
560,onc_0560,3707,1003,847,heated
561,onc_0561,3088,973.5,812,heated
562,onc_0562,1944,1361,1107,heated
563,onc_0563,2180,1178,1061,heated
564,onc_0564,2150,1183,1007.5,heated
565,onc_0565,3053,930,773,heated
566,onc_0566,1700,1412,1147,heated
567,onc_0567,2185,1231,1083,heated
568,onc_0568,2298,1140,930,heated
569,onc_0569,2390,1123,907.5,heated
570,onc_0570,2971,969,793,heated
571,onc_0571,2102,1323,1125,heated
572,onc_0572,2936,959,786.5,heated
573,onc_0573,2325,1130,983.5,heated
574,onc_0574,1974,1305,1040,heated
575,onc_0575,2077,1188,1005.5,heated
576,onc_0576,2782,997,817.5,heated
577,onc_0577,1643,1471,1226,heated
578,onc_0578,1873,1379,1099,heated
579,onc_0579,1751,1464,1177,heated
580,onc_0580,1834,1375,1097,heated
581,onc_0581,2012,1464,1237,heated
582,onc_0582,1698,1419,1257,heated
583,onc_0583,1769,1396,1137,heated
584,onc_0584,1824,1392,1125,heated
585,onc_0585,1781,1326,1213,heated
586,onc_0586,2690,1042,898,heated
587,onc_0587,2273,1213,970,heated
588,onc_0588,2171,1189,977,heated
589,onc_0589,2314,1132,942,heated
590,onc_0590,2632,1033,846,heated
591,onc_0591,2708,1089,1038,unheated
592,onc_0592,2068,1337,1185,heated
593,onc_0593,2258,1193,1002,heated
594,onc_0594,3056,1018.5,971,unheated
595,onc_0595,1895,1295,1062,heated
596,onc_0596,2543,1175,945.5,heated
597,onc_0597,1861,1315,1103,heated
598,onc_0598,3882,873,749,heated
599,onc_0599,2172,1134,949.5,heated
600,onc_0600,4495,910.5,780,heated
601,onc_0601,3211,950,892,unheated
602,onc_0602,2674,1027,837.5,heated
603,onc_0603,1799,1441,1151,heated
604,onc_0604,2402,1213,1078,heated
605,onc_0605,2181,1277,1137,heated
606,onc_0606,1632,1470,1167,heated
607,onc_0607,1769,1350,1238,heated
608,onc_0608,2970,964,788.5,heated
609,onc_0609,3077,1069,875,heated
610,onc_0610,3272,996,861.5,heated
611,onc_0611,2827,1000.5,833,heated
612,onc_0612,3277,888.5,739,heated
613,onc_0613,3382,964.5,824.5,heated
614,onc_0614,1842,1452,1293,heated
615,onc_0615,2075,1207,1056,heated
616,onc_0616,1623,1468,1176,heated
617,onc_0617,1871,1338,1066,heated
618,onc_0618,1810,1442,1171,heated
619,onc_0619,1870,1369,1089,heated
620,onc_0620,2492,1124,914.5,heated
621,onc_0621,2389,1214,1059,heated
622,onc_0622,1548,1471,1216,heated
623,onc_0623,3731,950,831,heated
624,onc_0624,2109,1217,1085,heated
625,onc_0625,2503,1086,887,heated
626,onc_0626,2261,1119,926,heated
627,onc_0627,2916,986.5,825,heated
628,onc_0628,3852,898.5,767.5,heated
629,onc_0629,1729,1455,1187,heated
630,onc_0630,2076,1226,998,heated
631,onc_0631,1809,1350,1096,heated
632,onc_0632,2992,1082,892,heated
633,onc_0633,2139,1147,979,heated
634,onc_0634,1980,1334,1300,unheated
635,onc_0635,2249,1176,1094,unheated
636,onc_0636,3478,919.5,841.5,unheated
637,onc_0637,1996,1234,1121,heated
638,onc_0638,1995,1401,1198,heated
639,onc_0639,2727,1070,979,unheated
640,onc_0640,1978,1249,1013,heated
641,onc_0641,2493,1072,869,heated
642,onc_0642,2398,1087,883.5,heated
643,onc_0643,2010,1250,1170,unheated
644,onc_0644,2194,1127,912,heated
645,onc_0645,1741,1441,1154,heated
646,onc_0646,2228,1258,1221,unheated
647,onc_0647,2621,1000,820.5,heated
648,onc_0648,1837,1426,1331,unheated
649,onc_0649,1947,1343,1069,heated
650,onc_0650,1962,1351,1076,heated
651,onc_0651,2877,1063,861.5,heated
652,onc_0652,1849,1417,1249,heated
653,onc_0653,2214,1151,931.5,heated
654,onc_0654,2608,1123,1069,unheated
655,onc_0655,2255,1311,1088,heated
656,onc_0656,1576,1485,1228,heated
657,onc_0657,2638,1159,956.5,heated
658,onc_0658,3219,915.5,766,heated
659,onc_0659,1558,1481,1209,heated
660,onc_0660,2848,1059,860.5,heated
661,onc_0661,1568,1491,1222,heated
662,onc_0662,3086,933,771.5,heated
663,onc_0663,2737,1165,951,heated
664,onc_0664,2331,1144,939.5,heated
665,onc_0665,1713,1452,1152,heated
666,onc_0666,2531,1050,897.5,heated
667,onc_0667,2681,1148,944.5,heated
668,onc_0668,3041,1082,889.5,heated
669,onc_0669,1718,1474,1201,heated
670,onc_0670,2604,1053,868.5,heated
671,onc_0671,2001,1250,1081,heated
672,onc_0672,1930,1356,1200,heated
673,onc_0673,2311,1233,1037,heated
674,onc_0674,2210,1278,1048,heated
675,onc_0675,2127,1416,1149,heated
676,onc_0676,3267,1025,833.5,heated
677,onc_0677,3282,1074,885.5,heated
678,onc_0678,2866,1094,927,heated
679,onc_0679,2701,1151,942,heated
680,onc_0680,1931,1296,1230,unheated
681,onc_0681,2240,1161,1007.5,heated
682,onc_0682,2073,1214,1098,heated
683,onc_0683,2976,1102,922,heated
684,onc_0684,2642,1040,860,heated
685,onc_0685,3150,910.5,755,heated
686,onc_0686,1827,1380,1171,heated
687,onc_0687,2113,1254,1002.5,heated
688,onc_0688,2153,1235,989.5,heated
689,onc_0689,3058,1067,939,heated
690,onc_0690,2158,1415,1137,heated
691,onc_0691,1753,1395,1133,heated
692,onc_0692,2697,1145,973.5,heated
693,onc_0693,4316,963.5,789.5,heated
694,onc_0694,2008,1264,1188,unheated
695,onc_0695,1653,1463,1183,heated
696,onc_0696,2409,1086,878,heated
697,onc_0697,1789,1396,1109,heated
698,onc_0698,2031,1279,1020,heated
699,onc_0699,2452,1160,1108,unheated
700,onc_0700,3436,914,750,heated
701,onc_0701,3035,1040,883,heated
702,onc_0702,2172,1154,954.5,heated
703,onc_0703,1803,1421,1224,heated
704,onc_0704,3741,903,745,heated
705,onc_0705,3223,989.5,870,heated
706,onc_0706,2264,1231,994,heated
707,onc_0707,2282,1264,1030,heated
708,onc_0708,1984,1296,1037,heated
709,onc_0709,2292,1260,1018,heated
710,onc_0710,1842,1273,1076,heated
711,onc_0711,2787,1020,846,heated
712,onc_0712,3635,964.5,798,heated
713,onc_0713,2667,1153,960.5,heated
714,onc_0714,1795,1445,1236,heated
715,onc_0715,2361,1156,932,heated
716,onc_0716,3826,938,788.5,heated
717,onc_0717,2774,977,798.5,heated
718,onc_0718,1876,1266,1082,heated
719,onc_0719,3092,975,804.5,heated
720,onc_0720,3043,939.5,774.5,heated
721,onc_0721,1955,1349,1075,heated
722,onc_0722,2452,1040,846,heated
723,onc_0723,1891,1265,1132,heated
724,onc_0724,3619,883,728.5,heated
725,onc_0725,1659,1477,1173,heated
726,onc_0726,2780,1060,973.5,unheated
727,onc_0727,1912,1267,1051,heated
728,onc_0728,3270,948,785.5,heated
729,onc_0729,2937,981.5,829,heated
730,onc_0730,1897,1383,1143,heated
731,onc_0731,2333,1134,1015,heated
732,onc_0732,2550,1073,886.5,heated
733,onc_0733,3316,962.5,959,unheated
734,onc_0734,1945,1322,1092,heated
735,onc_0735,2199,1266,1020,heated
736,onc_0736,2910,1000.5,823,heated
737,onc_0737,1953,1374,1132,heated
738,onc_0738,1600,1445,1214,heated
739,onc_0739,3280,934.5,777,heated
740,onc_0740,1834,1317,1092,heated
741,onc_0741,3950,941,770.5,heated
742,onc_0742,2076,1257,1006,heated
743,onc_0743,2151,1301,1132,heated
744,onc_0744,1568,1477,1239,heated
745,onc_0745,1872,1367,1107,heated
746,onc_0746,2491,1123,907,heated
747,onc_0747,1784,1458,1164,heated
748,onc_0748,3869,904,808.5,unheated
749,onc_0749,3205,962,954,unheated
750,onc_0750,2154,1160,955.5,heated
751,onc_0751,1915,1278,1130,heated
752,onc_0752,2133,1265,1085,heated
753,onc_0753,3093,955.5,793,heated
754,onc_0754,3568,929.5,801.5,heated
755,onc_0755,1985,1366,1180,heated
756,onc_0756,2159,1244,1125,heated
757,onc_0757,1828,1382,1099,heated
758,onc_0758,2586,1168,962.5,heated
759,onc_0759,2665,1022,835.5,heated
760,onc_0760,3132,978.5,816,heated
761,onc_0761,2472,1153,928.5,heated
762,onc_0762,2117,1316,1302,unheated
763,onc_0763,3362,905.5,746.5,heated
764,onc_0764,3676,952,840.5,heated
765,onc_0765,1713,1450,1181,heated
766,onc_0766,3306,905,825,unheated
767,onc_0767,3739,967.5,828.5,heated
768,onc_0768,2439,1130,912.5,heated
769,onc_0769,1919,1363,1208,heated
770,onc_0770,3333,904,854,unheated
771,onc_0771,3537,969.5,828,heated
772,onc_0772,3862,907.5,814.5,unheated
773,onc_0773,2337,1224,1082,heated
774,onc_0774,3401,886.5,734,heated
775,onc_0775,1988,1362,1084,heated
776,onc_0776,2100,1313,1090,heated
777,onc_0777,2682,1124,1077,unheated
778,onc_0778,3972,968.5,818,heated
779,onc_0779,3668,939,779.5,heated
780,onc_0780,2345,1219,1076,heated
781,onc_0781,1819,1448,1343,heated
782,onc_0782,1825,1323,1233,unheated
783,onc_0783,2085,1260,1020.5,heated
784,onc_0784,1883,1400,1146,heated
785,onc_0785,3348,913.5,764.5,heated
786,onc_0786,1911,1390,1131,heated
787,onc_0787,1721,1477,1216,heated
788,onc_0788,2820,1092,1016,unheated
789,onc_0789,2330,1112,923,heated
790,onc_0790,2150,1292,1103,heated
791,onc_0791,2030,1259,1033,heated
792,onc_0792,2483,1165,1114,unheated
793,onc_0793,3205,978,859.5,heated
794,onc_0794,2355,1134,1064,unheated
795,onc_0795,3479,896,750,heated
796,onc_0796,3663,913,765,heated
797,onc_0797,2217,1188,956,heated
798,onc_0798,2357,1336,1069,heated
799,onc_0799,2748,1160,945,heated
800,onc_0800,1886,1342,1082,heated
801,onc_0801,2143,1301,1039,heated
802,onc_0802,2219,1193,956,heated
803,onc_0803,2146,1114,901.5,heated
804,onc_0804,2298,1146,1019,heated
805,onc_0805,1798,1424,1164,heated
806,onc_0806,2897,1041,1026,unheated
807,onc_0807,3410,912.5,763.5,heated
808,onc_0808,2303,1258,1045,heated
809,onc_0809,1754,1380,1323,unheated
810,onc_0810,2289,1278,1018.5,heated
811,onc_0811,2396,1243,1023.5,heated
812,onc_0812,2372,1138,928.5,heated
813,onc_0813,2791,1105,1086,unheated
814,onc_0814,3257,925.5,763,heated
815,onc_0815,1803,1402,1121,heated
816,onc_0816,2895,1014,883.5,heated
817,onc_0817,2855,1101,894,heated
818,onc_0818,2220,1291,1032,heated
819,onc_0819,2453,1182,1099,unheated
820,onc_0820,2292,1239,1236,unheated
821,onc_0821,2999,1023,867.5,heated
822,onc_0822,2194,1115,928,heated
823,onc_0823,1774,1448,1236,heated
824,onc_0824,2105,1291,1072,heated
825,onc_0825,2500,1113,899,heated
826,onc_0826,2469,1206,983,heated
827,onc_0827,1684,1459,1233,heated
828,onc_0828,2802,997.5,840.5,heated
829,onc_0829,2002,1385,1225,heated
830,onc_0830,1954,1289,1055,heated
831,onc_0831,2096,1346,1084,heated
832,onc_0832,1946,1302,1041,heated
833,onc_0833,2747,1030,873.5,heated
834,onc_0834,1857,1432,1153,heated
835,onc_0835,2937,1027,971,unheated
836,onc_0836,2184,1283,1107,heated
837,onc_0837,2164,1213,1141,unheated
838,onc_0838,1902,1287,1078,heated
839,onc_0839,2830,1160,940,heated
840,onc_0840,2404,1316,1054,heated
841,onc_0841,1778,1356,1276,unheated
842,onc_0842,1682,1474,1177,heated
843,onc_0843,1822,1463,1462,unheated
844,onc_0844,2415,1171,942.5,heated
845,onc_0845,2859,1063,986.5,unheated
846,onc_0846,2953,1048,931.5,heated
847,onc_0847,1752,1424,1198,heated
848,onc_0848,1792,1334,1100,heated
849,onc_0849,1951,1329,1061,heated
850,onc_0850,2292,1122,949.5,heated
851,onc_0851,3291,908.5,829,unheated
852,onc_0852,2950,1082,916.5,heated
853,onc_0853,2569,1020,830,heated
854,onc_0854,2676,1007.5,824,heated
855,onc_0855,2679,1193,957,heated
856,onc_0856,1552,1445,1283,heated
857,onc_0857,2053,1247,1175,unheated
858,onc_0858,2284,1266,1079,heated
859,onc_0859,2538,1206,1022,heated
860,onc_0860,2604,1261,1059,heated
861,onc_0861,1930,1353,1179,heated
862,onc_0862,4262,966,803,heated
863,onc_0863,1923,1377,1377,unheated
864,onc_0864,2923,1037,990.5,unheated
865,onc_0865,3407,998,869,heated
866,onc_0866,1753,1457,1407,unheated
867,onc_0867,2200,1309,1060,heated
868,onc_0868,3014,1071,873.5,heated
869,onc_0869,2302,1227,994,heated
870,onc_0870,2571,1152,1150,unheated
871,onc_0871,2455,1205,1003.5,heated
872,onc_0872,2253,1286,1058,heated
873,onc_0873,1895,1341,1073,heated
874,onc_0874,1670,1400,1185,heated
875,onc_0875,2985,1023,951,unheated
876,onc_0876,3878,897,791,heated
877,onc_0877,2840,1023.5,893,heated
878,onc_0878,2962,1023.5,955.5,unheated
879,onc_0879,2112,1250,1028,heated
880,onc_0880,2277,1239,1009,heated
881,onc_0881,2125,1363,1133,heated
882,onc_0882,2793,1001,832,heated
883,onc_0883,1992,1375,1182,heated
884,onc_0884,3612,954.5,793,heated
885,onc_0885,2003,1263,1187,unheated
886,onc_0886,3004,1083,882,heated
887,onc_0887,2900,1067,990,unheated
888,onc_0888,1706,1395,1353,unheated
889,onc_0889,3178,1036,976.5,unheated
890,onc_0890,2289,1128,988.5,heated
891,onc_0891,1585,1440,1311,heated
892,onc_0892,2484,1076,871.5,heated
893,onc_0893,1918,1415,1144,heated
894,onc_0894,1781,1457,1176,heated
895,onc_0895,1617,1475,1172,heated
896,onc_0896,1804,1329,1102,heated
897,onc_0897,2912,1037,895,heated
898,onc_0898,1644,1493,1194,heated
899,onc_0899,3015,1015.5,827,heated
900,onc_0900,2457,1189,1048,heated
901,onc_0901,2435,1104,992.5,heated
902,onc_0902,2752,1112,903.5,heated
903,onc_0903,2313,1227,995,heated
904,onc_0904,1786,1433,1137,heated
905,onc_0905,3338,901.5,755.5,heated
906,onc_0906,1846,1385,1103,heated
907,onc_0907,3270,974.5,799.5,heated
908,onc_0908,3534,904,869.5,unheated
909,onc_0909,1737,1377,1292,unheated
910,onc_0910,2167,1274,1257,unheated
911,onc_0911,2076,1230,1177,unheated
912,onc_0912,1982,1466,1169,heated
913,onc_0913,3701,972,809,heated
914,onc_0914,3476,898,740,heated
915,onc_0915,2612,1062,893.5,heated
916,onc_0916,3285,1027,848.5,heated
917,onc_0917,2849,991,818.5,heated
918,onc_0918,3723,903.5,779.5,heated
919,onc_0919,1993,1193,1020.5,heated
920,onc_0920,2525,1183,969,heated
921,onc_0921,1830,1313,1083,heated
922,onc_0922,2861,991,809.5,heated
923,onc_0923,2440,1203,1001,heated
924,onc_0924,1846,1303,1097,heated
925,onc_0925,1773,1380,1126,heated
926,onc_0926,3281,913.5,758,heated
927,onc_0927,2813,982.5,810.5,heated
928,onc_0928,2874,1063,936,heated
929,onc_0929,2635,1166,977,heated
930,onc_0930,3072,993.5,866.5,heated
931,onc_0931,1965,1273,1196,unheated
932,onc_0932,1915,1280,1166,heated
933,onc_0933,1904,1253,1041,heated
934,onc_0934,2428,1106,926,heated
935,onc_0935,1658,1417,1159,heated
936,onc_0936,2647,1087,976,heated
937,onc_0937,2073,1248,1002,heated
938,onc_0938,3655,918,756,heated
939,onc_0939,2197,1221,977,heated
940,onc_0940,3585,886.5,808.5,unheated
941,onc_0941,2431,1104,911,heated
942,onc_0942,2223,1273,1090,heated
943,onc_0943,1683,1366,1145,heated
944,onc_0944,3070,977,937.5,unheated
945,onc_0945,2168,1287,1060,heated
946,onc_0946,1896,1333,1076,heated
947,onc_0947,1774,1386,1351,unheated
948,onc_0948,2158,1236,1004,heated
949,onc_0949,2421,1207,978.5,heated
950,onc_0950,1996,1326,1058,heated
951,onc_0951,1827,1291,1138,heated
952,onc_0952,2484,1083,943,heated
953,onc_0953,2563,1073,872.5,heated
954,onc_0954,2348,1194,969.5,heated
955,onc_0955,2635,1076,871.5,heated
956,onc_0956,2461,1154,973,heated
957,onc_0957,3308,1073,880,heated
958,onc_0958,1875,1321,1067,heated
959,onc_0959,2298,1096,936.5,heated
960,onc_0960,1821,1425,1163,heated
961,onc_0961,1851,1459,1190,heated
962,onc_0962,2483,1064,866,heated
963,onc_0963,2390,1132,925,heated
964,onc_0964,3414,903.5,880,unheated
965,onc_0965,3182,1021,850.5,heated
966,onc_0966,2147,1219,976,heated
967,onc_0967,1658,1457,1187,heated
968,onc_0968,1854,1445,1260,heated
969,onc_0969,2214,1163,948.5,heated
970,onc_0970,3074,953,799.5,heated
971,onc_0971,2023,1257,1168,unheated
972,onc_0972,3051,937,774.5,heated
973,onc_0973,2656,1086,880,heated
974,onc_0974,1697,1464,1199,heated
975,onc_0975,2696,1141,929.5,heated
976,onc_0976,3678,896,812.5,unheated
977,onc_0977,3000,1033,1019,unheated
978,onc_0978,3068,1031,838.5,heated
979,onc_0979,2578,1155,934.5,heated
980,onc_0980,2847,1001.5,818,heated
981,onc_0981,1996,1228,1016.5,heated
982,onc_0982,3321,947,939,unheated
983,onc_0983,2281,1130,976,heated
984,onc_0984,2487,1071,867,heated
985,onc_0985,1669,1461,1162,heated
986,onc_0986,3436,906.5,760.5,heated
987,onc_0987,3169,1071,895.5,heated
988,onc_0988,1901,1314,1079,heated
989,onc_0989,3628,900,739.5,heated
990,onc_0990,2272,1209,1161,unheated
991,onc_0991,1929,1278,1037,heated
992,onc_0992,2097,1356,1201,heated
993,onc_0993,2559,1192,972.5,heated
994,onc_0994,2457,1111,996.5,heated
995,onc_0995,2145,1250,1193,unheated
996,onc_0996,1651,1422,1201,heated
997,onc_0997,3377,1136,914.5,heated
998,onc_0998,1682,1449,1160,heated
999,onc_0999,2348,1147,927,heated
1000,onc_1000,2603,1044,886.5,heated
